User,Clicks
gavalars,7
CRYPTO365CT,25
grumpnchase,4
ColloquialismConnoisseur,1
DallasX7,22
Donza123,17
Majorpayne1979,7
tbonesntrout,1
Adz1DoubleD,23
fitnesspapi,12
gazuga,4
Ahmed812007,3
Peter_tyrone,1
TEC433,6
cryptod0c,3
CryptoA7,7
LessTask,8
SinisterBlock,12
C J,3
PhluxKapacitor,5
Sandhuz99,6
mgooo22,1
TheRealJohnnyWonder,6
marcomitco,11
X7_MAXI,11
konsa1603,5
am7neo,1
edwardsposts,6
X7MaXi,4
xaessayx,1
supawah,1
drewbaby,1
Kubuz,2
TitusKP,1
X7Nobody,2
SlumdOg_shillionaire2022,14
StayCrypticNow,1
mrfr87,5
base1block,1
CarrotIfson,4
reffe sz,1
Plumbusa1,6
BiLLYXMAS,3
BruceBanner_crypto,12
Zirimaz,3
Bazb0t,1
dkdave16,1
aladdin_ginni,1
Will None,1
EWK_Crypto,1
BigRigTaco,2
MikeMurpher,1
Constantine_BKC,1
robthebank44,1
Kyrmyniska,2
LoLo100,1
GoldenWillionaire,1
Celethor,2
Twisted1,3
TaurOpp,1
Jutsdidhit,2
matzabalz,3
Joe Turner,4
Gramme75,1
andrewh5910,1
BlockPlayer None,1
And H,1
